participant,date,start_time,experimenter,game,group,trial_1_intensity,trial_1_duration,trial_2_intensity,trial_2_duration,trial_1_composite,trial_2_composite,trials_3_to_9_intensity,trials_3_to_9_duration,trials_3_to_9_composite,aggressive_words_completed,aggressive_words_attempted,aggressive_feelings,iq,kills_session_1,kills_session_2,kills_session_3,autism_quotient_composite,video_game_exposure_per_day,age,gender,medications,race,ethnicity,aware_research,aware_notes,free_time,trying_to_investigate,confusing_strange,impression_of_other,l_ring_length,l_index_length,r_ring_length
4,10/22/2013,14:00:00,Chris,nonviolent,autism,7,6,8,7,2.718817293,0.822977176,7.857142857,8,3.261291359,22,92,1.533333333,88,314,542,768,80,1.785714286,21.73,1,0,5,0,0,NA,25,How autistic kids/adults can react to tohers,none,I had a feeling htat he would give me a challenge,1715,1688.6,1724.5
7,4/8/2014,14:30:00,Chris,violent,typical,1,1,3,2,-2.50543857,-2.640420796,3.571428571,3,-2.928612105,12,56,3.266666667,109,181,336,449,61,1.571428571,20.34,1,0,5,0,0,NA,50,if we were trying to think of violent things & how much we wanted to hurt the other person,no,normal,1841.4,1772.1,1852
12,2/14/2014,10:00:00,Chris,violent,autism,5,5,9,9,1.323515428,1.85443141,8.285714286,6,2.320950295,9,28,2.933333333,115,194,316,475,73,0.428571429,18.64,1,1,2,0,1,how much games affect your mood and psychological outcomes; does not feel emotion whil ekilling peole in games bu twould feel guilt if that happened in real life,35,"relation between human violence, autism and video games","asking me how much violent actions Ive committed in my life. Also, I feel like some parts of this experiment (especially the reaction game part) are staged",frustrated. But I have some doubts that these are just staged,1815.8,1749.8,1857
25,1/25/2014,13:00:00,Chris,violent,autism,4,3,2,1,-0.152898206,-3.333100391,1.714285714,2.285714286,-4.70500631,3,18,1.4,85,175,299,404,67,0.5,18.02,1,1,5,0,0,NA,50,how good my vision is today,0,I think it was good for me in a way where I would figure out what I was doing wrong than learn from myself how to do what's right,1769,1760.3,1674.3
36,4/12/2014,14:00:00,Chris,violent,autism,4,3,10,10,-0.152898206,2.547111005,6.714285714,6,1.194828725,14,80,2.666666667,121,233,413,604,84,2.857142857,21.11,1,1,5,1,0,NA,60,"the neurological differences between ""normal"" people those with autism/asperger's",no,they're a nice enough person,1731.3,1675,1711.3
40,10/17/2013,11:00:00,Chris,nonviolent,autism,NA,NA,NA,NA,NA,NA,NA,NA,NA,9,52,1,106,289,519,714,74,10,20.26,1,1,5,0,1,aware that violent game effects on behavior has been disproven,80,"how influential, competitive or not, games and screen based interactive media are on someone with a mental disorder",no,had fast reflexes,1842.8,1807.8,1698.2
41,12/2/2013,18:30:00,Kelsey,nonviolent,typical,5,5,5,5,1.323515428,-0.916286968,5.428571429,5.428571429,-0.082962075,13,97,1,97,213,380,505,45,0.642857143,22.56,0,0,5,0,1,"VG influence violence, VG influence surgery",2,Violence in videogames,Some of the words in the word scramble seemed strange,Nothing Really,1729.3,1644.2,1726.3
43,1/18/2014,09:00:00,Chris,nonviolent,autism,NA,NA,NA,NA,NA,NA,NA,NA,NA,15,62,2.733333333,112,151,273,433,63,3.428571429,19.09,1,0,5,0,0,NA,90,my reaction time; see if I wanna yell at my computer screen if I lose,no,he may be faster but he cant outsmart the master,1481.1,1384.2,1388.8
47,11/19/2013,10:00:00,Chris,nonviolent,autism,NA,NA,NA,NA,NA,NA,NA,NA,NA,13,56,2.133333333,115,379,599,821,77,2.571428571,22.08,1,1,5,0,1,Video game studies on aggression + violence +how they affect children + reaction times,12.5,the links between video-games and violence,"playing a deliberately non-violent game, testing aggression levels through the willingness to expose others to loud noises, showing only footage of my competitor",he was a computer,1843.2,1744.4,1776.1
50,3/3/2014,16:00:00,Chris,nonviolent,typical,6,3,8,6,0.723228524,0.484202537,6.857142857,6,1.297203414,12,71,1.733333333,106,295,488,693,60,0.442857143,19.72,1,0,5,0,1,aware that some people think video games cause violent violence,5,"reaction time, hand eye coordination, concentration",no,normal,1776.9,1864,1843.5
57,11/15/2013,15:05:00,Kelsey,violent,typical,4,1,3,5,-1.191248475,-1.624096878,6.285714286,3.285714286,-0.805283727,17,93,1.466666667,82,230,393,543,50,0.571428571,21.66,0,0,5,0,0,NA,0,How I react to certain media,The game with the other volunteer,"She sometimes chose high sounds, maybe on purpose.",1565.6,1512.3,1541.2
58,3/1/2014,15:00:00,Chris,violent,typical,2,1,2,1,-2.067375205,-3.333100391,2.428571429,1.857142857,-4.460446826,9,75,2.066666667,100,176,332,488,69,0,20.62,1,0,5,0,0,NA,0,response times,no,NA,1967.1,1876.1,1872
63,10/12/2013,13:45:00,Chris,violent,autism,9,4,2,9,2.556593754,-0.622903274,6.142857143,6.714285714,1.230853234,4,42,3,100,152,249,319,67,2.321428571,18.29,1,1,5,0,0,NA,87,How feelings are affected by playing video games,partly-some aspects of the game were confusing,he was pretty dang good,1579,1511.6,1598.3
78,10/17/2013,13:00:00,Chris,violent,autism,5,3,6,8,0.285165159,0.453941906,5.142857143,5.428571429,-0.287711451,6,34,1.4,94,210,359,518,74,1.785714286,21.47,1,0,5,0,1,violence in games; parents are the problem not the kids; not in a previous video game,30,0,no,"I can't say, I did not have enough infromation or interaction",1823.7,1723.3,1874
79,11/11/2013,19:00:00,Kelsey,nonviolent,typical,5,1,6,3,-0.75318511,-1.239931292,5.142857143,1.428571429,-2.782641708,13,67,1.866666667,103,279,505,717,61,0.928571429,20.31,1,1,5,0,1,NA,10,how autism affects reaction time/how video games affect real world action/attitude,the game,he was quick,1772.9,1687.2,1656.1
89,3/8/2014,15:00:00,Jacob,nonviolent,typical,NA,NA,NA,NA,NA,NA,NA,NA,NA,10,62,1.733333333,97,224,408,609,55,0.642857143,19.48,1,0,5,0,1,this kid who wanted to live in GTA saw; knows violence and game content correlated; answered honestly still,17.5,reaction time/video game; violence ration,the word guessing,I didn't like him,1695.7,1574.6,1651.2
95,3/4/2014,11:00:00,Jacob,violent,typical,6,3,9,8,0.723228524,1.515656771,8.428571429,8,3.670790111,10,75,1.866666667,112,276,502,701,62,0.642857143,19.4,1,0,5,0,0,NA,5,reaction time between specific scenarios,the patterns and definitions,fast reaction time,1763.2,1699,1720
96,11/19/2013,18:00:00,Kelsey,nonviolent,typical,NA,NA,NA,NA,NA,NA,NA,NA,NA,16,86,1.8,112,161,317,467,55,0,22.15,0,1,5,0,1,"Many studies, VG+Violent behavior",0,Resonse to frusteration and competative situations in college students and those with Asd,The noise with the other person�find it hard to believe I lost that many times.,Seemed Fake or set up,1497.9,1484.2,1540.3
97,10/9/2013,10:00:00,Chris,violent,autism,5,3,5,10,0.285165159,0.77758623,4.571428571,3.571428571,-1.8555706810000001,2,26,1.466666667,103,231,383,517,64,3.5,18.3,0,0,5,1,1,students who play more violent games tend to be in gangs + put in prison more often + are more violent (saw study on news);,10,reaction time in people with ASD and people without ASD,0,very competitve,1759.5,1674.2,1756.6
112,12/6/2013,10:00:00,Chris,nonviolent,autism,3,2,6,2,-1.110136705,-1.578705931,6.714285714,3.714285714,-0.230845708,8,59,1.533333333,94,99,256,407,70,1.642857143,18.03,1,0,5,0,0,NA,30,To test my I.Q.,No,Very Challenging,1636.9,1550.4,1548
131,10/20/2013,09:00:00,Chris,nonviolent,autism,7,2,10,6,0.642116755,1.192012447,8.142857143,6,2.218575606,6,55,2.333333333,88,218,420,611,62,1.071428571,18.13,1,0,5,0,0,NA,25,How autistic children or young adults play video or computer games and what they do and how they learn when they are not playing games,some,pretty good,1859,1808.4,1905.1
144,4/17/2014,13:00:00,Chris,violent,autism,NA,NA,NA,NA,NA,NA,NA,NA,NA,9,44,1.133333333,106,391,632,865,62,0.928571429,20.73,1,1,5,0,1,"mature games do to kids, stress levels and depression and negative effects of games.",20,How games effect people with autism,The noise level,Seemed alright,1782,1759.4,1770.9
149,2/20/2014,09:00:00,Jacob,violent,typical,4,4,4,4,0.366276929,-1.608966562,4.714285714,4.714285714,-1.040358776,12,66,2.133333333,112,405,711,851,53,2.571428571,21.1,1,0,5,0,0,NA,17.5,General Effects of Videogames,Adjusting Pain levels seemed strange,Looked similar to me,1922.7,1850.9,2037.7
153,3/10/2014,12:00:00,chris,violent,typical,5,3,7,7,0.285165159,0.469072221,4.857142857,5.571428571,-0.403356176,12,51,1.866666667,100,375,601,824,65,1.214285714,19.48,1,0,5,0,0,NA,15,attention span and how playing games afected focus on other tasks,the sound portion of the study against the other player,"competent, good-reflexes",1902.3,1906.4,1829.8
165,1/21/2014,10:00:00,Chris,nonviolent,autism,2,1,10,7,-2.067375205,1.530787086,4.714285714,4.714285714,-1.040358776,6,42,1.933333333,103,446,717,974,68,4.428571429,22.74,1,0,6,1,0,NA,40,the effects video games have on people,0,normal,1937.8,1817.3,1946.5
171,2/20/2014,11:30:00,Jacob,nonviolent,typical,4,3,7,6,-0.152898206,0.130297582,6.285714286,6.285714286,1.065913966,13,92,1.266666667,109,296,498,709,60,0.642857143,20.11,1,0,5,0,1,"Heard of aggression studies with videogames, hot topic.",7.5,Reaction Times,Switching From Game to Worksheet,Seemed Similar in Demographics,1797.5,1725.7,1792.6
175,11/13/2013,18:00:00,Kelsey,nonviolent,typical,3,2,3,2,-1.110136705,-2.640420796,4.571428571,3.571428571,-1.8555706810000001,9,56,1.533333333,112,207,345,436,47,0,22.24,0,1,5,0,0,NA,0,Whther videogames elicit biolent behavior and how involved players get into the game.,Defining the words was hard.,She seemed meaner than I was and faster.,1589.6,1571.7,1544.2
207,11/14/2013,17:00:00,Kelsey,violent,typical,5,2,9,8,-0.234009975,1.515656771,5.857142857,5,-0.043151967,16,63,1.933333333,118,213,413,603,59,0.142857143,22.03,1,1,5,0,0,NA,0,"How video games affect a person's mood. Specifically, if it makes them ore violent or angry.",No,Pretty quck reaction times.,1824.2,1680.5,1848
216,2/21/2014,15:00:00,Jacob,violent,typical,NA,NA,NA,NA,NA,NA,NA,NA,NA,9,69,2.533333333,112,234,477,671,59,0.5,21.95,1,0,2,0,0,NA,5,attension reflex relation with video games.,The videogame choice,He seemed nice,1996.6,1877.3,2077.6
245,10/11/2013,13:00:00,Chris,violent,autism,6,3,8,6,0.723228524,0.484202537,5.857142857,4.142857143,-0.577779879,12,56,2.266666667,121,204,368,499,66,4.285714286,18.69,1,1,5,0,1,surgeons have help w/ hand eye coordination by playing video studies,50,the overall effcts of video games on an individual who is autistic,the las few patterns of the patterns test,"he seemed older and seemed to have the ""gamer's build""",1856.4,1745.9,1865.2
251,2/25/2014,09:10:00,chris,violent,autism,2,3,10,10,-1.029024936,2.547111005,5.142857143,6,0.068707157,7,78,1.266666667,109,159,265,377,62,3.857142857,19.85,0,0,5,0,0,NA,4.5,how the autism works,none,fair and challenging,1627.8,1578.1,1602
266,1/2/2014,13:00:00,Chris,violent,autism,NA,NA,7,7,NA,0.469072221,4.714285714,5.428571429,-0.594835515,8,49,2.333333333,112,301,519,725,66,1.214285714,22.53,1,1,5,0,1,hand eye coordination studies,10,The sensitivity and empathy of people with autism,the noise punishment was reminiscent of an earlier experiment in the 1950's,he seemed interested in being here,1839.3,1788.3,1833.5
270,12/7/2013,10:00:00,Chris,violent,autism,10,10,8,8,6.109707926,1.161751816,5,8.285714286,1.392006902,9,50,1.733333333,97,204,312,475,70,1.357142857,19.47,1,1,5,0,0,NA,100,autism and video game,I came here a lot when I was young,good,1783.7,1605.1,1705.4
292,11/15/2013,11:45:00,Chris,nonviolent,autism,2,2,5,6,-1.54820007,-0.577512328,4.857142857,3.857142857,-1.472612,7,28,1.466666667,82,130,248,366,83,3.928571429,20.21,1,1,5,0,1,Veterans w/ PTSD help; game violence + real violence,5.5,effect of gaming and autism,no,no opinion,1699.9,1694.7,1669.4
305,3/14/2014,15:30:00,Jacob,nonviolent,typical,10,2,10,2,1.95630685,-0.163086112,7,7.285714286,2.20151997,14,87,1.266666667,103,338,523,739,73,0,22.57,1,0,5,0,0,NA,0,if media based games slow down/ speed up mental acuity and reaction time,no,they seemed to randomly choose noise levels at all times and had equivalent reaction time as me,1704.8,1604.2,1680.1
310,12/7/2013,14:00:00,Chris,violent,autism,5,2,6,2,-0.234009975,-1.578705931,5.857142857,4.571428571,-0.310465924,12,57,2,103,406,679,929,101,3.428571429,20.87,1,0,1,0,0,NA,50,The affect of playing a violent video game on your mood,No,none,1598.5,1661.2,1566.4
314,2/8/2014,13:00:00,jacob,violent,typical,NA,NA,NA,NA,NA,NA,NA,NA,NA,17,71,2.8,97,207,337,515,54,0.642857143,20.74,1,1,5,0,0,NA,10,the effects of violent videogames on behavior,no,"they seemed to initially want to punish me, but after they saw me win and not punish them they relented",1780.3,1754.7,1712.4
337,1/19/2014,09:00:00,Chris,nonviolent,autism,2,2,5,4,-1.54820007,-1.255061607,7.428571429,7.142857143,2.419539383,8,39,1,91,213,385,565,77,1.142857143,18.32,1,0,5,0,0,NA,20,reactions to video games,No,that there is a competition,1600.1,1591.1,1676.3
348,12/3/2013,17:30:00,Kelsey,violent,typical,NA,NA,NA,NA,NA,NA,NA,NA,NA,19,85,1.933333333,97,127,199,285,56,0,23.87,0,0,5,0,1,Videogames cause violence,0,"Impulsivity, Mood effected by VG",No,Fake Participant,1693.9,1728.8,1705.3
351,4/11/2014,17:00:00,Jacob,violent,typical,1,2,8,7,-1.986263435,0.822977176,5.857142857,5.714285714,0.402371293,9,87,1.866666667,97,242,432,613,61,1,19.5,1,0,5,0,0,along the lines of violent video games effect on behavior,7.5,the effects of violent videogames on mood/beahvior,"not really, but I don't see why I did the pattern exercise",he was a bit quicker than me,1835.3,1749.7,1847.7
368,10/21/2013,11:30:00,Chris,nonviolent,autism,NA,NA,NA,NA,NA,NA,NA,NA,NA,2,68,3,82,278,524,775,74,3,19.59,1,0,5,0,1,"""makes carstly""?",15,Yes,No,I don't know,2156,1994.5,2181.5
369,10/21/2013,15:00:00,Chris,violent,autism,NA,NA,NA,NA,NA,NA,NA,NA,NA,14,59,2.066666667,100,273,116,376,64,1.285714286,25.22,1,0,5,0,0,NA,40,18-25 rate of game addiction,seemed to try to lead the participant in word selection (less than random),seemed predictable,1955.5,1839.8,2003.1
403,2/14/2014,17:30:00,Jacob,violent,typical,NA,NA,NA,NA,NA,NA,NA,NA,NA,17,73,1.733333333,106,378,646,939,66,1.928571429,19.3,1,0,5,0,1,knows videogames connected to violent videogames and whether they make aggressive or not,60,"Reaction time shortly after playing video games, perhaps correlation between violent video games and aggression",Image Questions seemed irrelevent,He had little mercy until he saw how low I set my volume for him,1806.7,1632.4,1809.4
405,3/8/2014,12:30:00,Jacob,violent,typical,4,3,6,5,-0.152898206,-0.562382013,6.571428571,6.857142857,1.62708195,15,81,1.866666667,106,219,339,497,65,4.571428571,18.86,1,0,5,0,0,NA,70,how video games affect reaction time in autistic/non autistic people and how playing the video game makes you feel,why I was tested on the words and diagrams before playin ghte game and not after,he's got some quick reaction times,1821.1,1772.7,1673.9
410,11/16/2013,16:00:00,Chris,violent,autism,5,5,10,10,1.323515428,2.547111005,7.571428571,6.714285714,2.254600114,12,66,1,97,213,372,548,63,3.5,19.79,1,0,2,0,1,Character design research and level design research (playtesting),100,I think you guys wanted to see if I know what I'm doing in media and how I do in life,no,average,1942.6,1776.7,1995.1
413,2/26/2014,10:30:00,Jacob,nonviolent,typical,3,1,10,10,-1.62931184,2.547111005,3.857142857,4.857142857,-1.565502252,13,71,1.6,97,263,437,563,60,1.285714286,19.47,1,1,5,0,0,NA,15,"Reaction Times, anaylzing patterns",The very first part w/patterns and words,He was fast,1670.5,1584,1665.6
426,4/9/2014,17:00:00,Jacob,nonviolent,typical,3,5,6,6,0.447388698,-0.223607373,6.714285714,7,1.81856129,5,44,1.066666667,103,242,411,592,46,1.142857143,19.5,1,0,5,0,0,NA,25,reaction time,no,had good reaction time b/c he won more times than I did,1771.4,1614.4,1804.7
429,11/23/2013,09:15:00,Chris,nonviolent,autism,3,1,3,3,-1.62931184,-2.301646157,4.428571429,3.714285714,-1.868840716,9,46,2.133333333,109,170,307,421,72,0.428571429,18.65,1,1,5,0,1,people monitor keystorkes in games; ivolent acts attributed to video games; video games + immaturity,25,a coorelation between videogames and violence,not really,he's really fast,1707,1717.7,1736.8
434,2/10/2014,12:00:00,Chris,nonviolent,autism,2,2,2,1,-1.54820007,-3.333100391,2,1.142857143,-5.21309415,10,65,1.4,82,160,289,NA,57,0.785714286,22.2,0,1,5,0,0,NA,30,To test on how I am on my autsim,Maybe,the reaction time,1711.4,1552,1554.5
450,4/5/2014,15:30:00,Jacob,nonviolent,typical,4,4,1,1,0.366276929,-3.687005346,4,5.714285714,-0.928499652,17,87,2.733333333,121,179,304,436,49,0.285714286,19.85,1,1,5,0,1,seen talk of it in the news,5,reaction time/mental adjustments to games,The shapes section at the beginning,seemed like a nice guy,1700.1,1623.2,1718.9
453,4/4/2014,15:15:00,Jacob,nonviolent,typical,1,1,10,10,-2.50543857,2.547111005,7,6.571428571,1.75599671,10,57,1.066666667,100,287,521,736,58,0.642857143,19.02,1,0,5,0,0,NA,10,reaction time in regards to videogames,none,equal to me,1849.2,1754.8,1816.5
464,9/27/2013,16:00:00,Chris,violent,autism,NA,NA,NA,NA,NA,NA,NA,NA,NA,7,54,1.733333333,118,288,477,644,70,2,22.22,1,1,4,0,1,"playtesting studies; studies on violent behavior (""could have been part of one for all I know""; maybe thought he was part of a study to see if violent games should be banned",20,asperger's people and their average investment in video games; effects of violent video games on temperament,No,this person was actually in on the thing,1776.5,1644.5,1819.4
466,3/7/2014,17:30:00,Jacob,violent,typical,1,2,10,10,-1.986263435,2.547111005,4.428571429,3.428571429,-2.04705002,9,53,1.533333333,103,395,659,847,55,1,18.9,1,0,5,0,0,NA,10,how video games effect response time and behavior,no,he had the noise turned up too damn high,1994.4,1879.3,1952.9
467,10/14/2013,13:00:00,Chris,nonviolent,autism,NA,NA,NA,NA,NA,NA,NA,NA,NA,14,53,4.133333333,127,218,367,574,91,0.2,21.14,1,1,5,0,0,NA,5,The effects of video games on instigating violence which is a fundemental flawed concept (if that is what you are studying based on the fact that this species (homo-sapiens) peak of out war + violence started long before videogames were even created in the early 1900's and late 1800's),yes,"he seemed pretentious cocky, well rounded physically healthy but a bit untrue to himself as almost all people are",2046.2,1935,2054.6
471,11/6/2013,09:00:00,Chris,nonviolent,autism,2,4,7,4,-0.509849801,-0.547251697,7.142857143,6.857142857,2.036580702,7,41,1.2,112,251,393,562,69,5,23.23,1,0,5,0,1,"Violence in games makes kids violent in life (doesn't believe this hearsay, though)",60,the affects of video games on people who have asbergers,no,he was quicker than I was,1693.6,1562.3,1660.1
484,1/25/2014,09:00:00,Chris,violent,autism,7,5,8,6,2.199642158,0.484202537,7.142857143,6.285714286,1.680162094,12,71,2.333333333,100,235,368,521,69,0.5,20.6,1,1,5,0,0,NA,15,To show differences in reactions of certain situation between a constant (non-autistic) and the variation (autistic),Puzzles at the end,Seemed disinterested and unhappy,1662.8,1660.3,1612.1
488,11/21/2013,13:15:00,Chris,violent,autism,5,2,3,2,-0.234009975,-2.640420796,4.571428571,3.714285714,-1.766466029,5,83,1.266666667,85,253,486,733,52,3.5,20.84,1,0,5,0,1,People w/ autism can tend to act on video games; sometimes video games can mak eyou smarter,75,My knowledge in certain things,no,good,1783.3,1572.2,1723.1
495,3/7/2014,15:30:00,Jacob,nonviolent,typical,NA,NA,NA,NA,NA,NA,NA,NA,NA,12,56,1.6,91,444,730,1015,70,3.571428571,20.55,1,1,5,0,0,NA,50,How video games affect mood,"the whole ""anotehr person"" thing seemed odd",quick fingers,1798.7,1745,1782
496,4/5/2014,12:30:00,jacob,violent,typical,7,4,8,8,1.680467024,1.161751816,7.285714286,4.857142857,0.891490262,9,79,2.266666667,94,301,496,722,55,0.3,20.91,1,0,5,0,0,NA,2,reaction time,word definions,no impressin,1974,1884.3,1969.9
510,11/26/2013,17:00:00,Chris,violent,autism,4,4,6,7,0.366276929,0.115167266,5.428571429,5.428571429,-0.082962075,11,80,1.6,103,250,429,588,75,2.714285714,20.94,1,0,5,0,1,To see if video games can inspire people to kill; unaware of findings on game effects,60,how video games affect autistic people,No,"quiet, shy",1747.5,1818.1,1674.1
513,2/14/2014,15:00:00,jacob,nonviolent,typical,NA,NA,NA,NA,NA,NA,NA,NA,NA,8,65,1,103,308,499,716,40,0,22.35,1,0,5,0,0,NA,0,violence in videogames and reaction time,seeing the person on camera,not real,1737.1,1659.1,1736.3
522,3/5/2014,17:30:00,Jacob,violent,typical,4,2,10,10,-0.67207334,2.547111005,4.142857143,3.714285714,-2.073590092,14,68,1.533333333,112,319,501,643,56,1.714285714,19.21,1,0,4,0,1,knows video game research tests if feelings spill over into real life in kids and teens thought about what might be tested,35,"Reaction time, creative thinking, and aggressivness appeared to be measured",no,the other participant had quick reactions and was compromising,1771,1621,1777.4
536,10/18/2013,11:00:00,Chris,violent,autism,4,2,10,7,-0.67207334,1.530787086,6.571428571,7.428571429,1.983500558,8,58,2.333333333,124,303,514,709,60,3.428571429,19.48,1,0,5,0,0,NA,60,I think the study was about testing reaction time between people with and without autistic disorders,No,Seemed Nice,1856,1743.8,1868.1
542,9/14/2013,11:20:00,Chris,nonviolent,autism,5,2,9,9,-0.234009975,1.85443141,5.571428571,5,-0.247901344,12,62,2,103,175,334,456,61,1.285714286,18.6,0,1,5,0,1,"only knows that research has been done on violent games, but unaware of those findings or specifics",5,reacion times in individuals with ASD; effect games have on people with ASD,No,good at pressing buttons,1493.5,1531,1469.7
556,2/15/2014,10:00:00,Jacob,nonviolent,typical,4,2,4,2,-0.67207334,-2.286515841,4.857142857,2,-2.630972477,14,67,1.6,130,485,840,1195,67,1.714285714,20.31,1,0,5,0,0,addiction & aggression common topics,40,aggression and addiction in videogames,none,he seemed friendly,1850.1,1809.1,1830.9
563,10/3/2013,13:00:00,Chris,nonviolent,autism,8,3,10,3,1.599355254,0.175688528,3.857142857,3.714285714,-2.278339469,2,17,1.4,103,270,435,720,77,0.5,18.79,1,0,5,0,0,NA,12.5,how video games affect.,0,he was a fast person,1772.2,1642.1,1792.6
564,4/11/2014,12:00:00,Jacob,violent,typical,5,4,5,6,0.804340294,-0.577512328,4.714285714,5.571428571,-0.505730864,13,75,1.6,91,270,473,665,56,1.571428571,21.52,1,0,5,0,1,NA,10,how violent videogames effect people,the word lists,he was faster than me,1980.6,1809,1980
575,1/9/2014,16:30:00,Chris,nonviolent,autism,6,6,9,9,2.280753928,1.85443141,7.428571429,7,2.330434731,6,36,2.266666667,88,286,447,599,51,2.571428571,18.21,1,0,6,1,0,NA,58,how a person can act while playing a some what violent video game. Also if and how fast they can return to a state of senta on [cant read word] questions,not really maybe some of the giving definition to some words,interesting,1848.3,1790.6,1836.3
577,10/15/2013,10:00:00,Chris,violent,autism,4,5,4,3,0.885452063,-1.947741202,6.428571429,5.571428571,0.722765393,7,57,1,100,136,238,409,80,0.5,19.15,0,0,5,0,0,NA,7.5,how different people react to video games,no not really,she was pretty good and ended up being faster than me some of the time,1815.8,1852,1884.2
586,3/5/2014,15:00:00,Jacob,violent,typical,1,2,7,7,-1.986263435,0.469072221,5,3.857142857,-1.370237312,13,60,2.066666667,112,235,406,575,56,2.428571429,19.28,1,0,5,0,0,NA,32.5,reactoin time compared to a person's intelect and video game playing,no,did not meet the other participant,1954.9,1815,1983.9
618,2/23/2014,10:00:00,Jacob,nonviolent,typical,3,2,3,3,-1.110136705,-2.301646157,3.857142857,3.857142857,-2.189234817,10,82,2.4,103,230,412,573,46,0.642857143,22.12,1,0,5,0,0,NA,1,The effect of videogames on people with and without autism,No,He has a fast trigger finger,1706.1,1686.3,1869.2
622,1/11/2014,13:30:00,Chris,violent,autism,6,3,9,9,0.723228524,1.85443141,4.428571429,8.428571429,1.071612802,9,76,2.333333333,112,251,405,567,66,3.178571429,22.29,1,1,5,0,1,NA,45,reaction times of people with ASD compartive to people without ASD,yes,seemed sarcastic,1944.5,1828.1,1914.6
634,10/11/2013,10:00:00,Chris,nonviolent,autism,7,5,10,10,2.199642158,2.547111005,6,5.571428571,0.415641329,7,44,1.4,100,243,448,612,61,4.785714286,18.11,1,0,5,0,0,NA,77.5,reactions,no,interesting,1844.4,1770.8,1867.1
641,4/7/2014,13:30:00,Chris,nonviolent,typical,1,2,1,2,-1.986263435,-3.348230706,4.714285714,5.857142857,-0.32752156,10,44,1.4,106,262,438,597,57,1,18.94,1,0,5,0,0,NA,5,the times of the videogame and sound game along with my creativity to come up with words,matching the patterns to correct the box,seemed like your average college student,1729.5,1864.8,1823.2
647,9/13/2013,13:00:00,Chris,nonviolent,autism,NA,NA,NA,NA,NA,NA,NA,NA,NA,7,42,3,97,182,226,437,78,3.285714286,18.9,1,1,5,0,0,NA,77.5,reaction time,No,"He was nice and patient, he was willing to go at my own pace",1671.7,1649.2,1667.5
658,4/16/2014,17:30:00,Jacob,nonviolent,typical,NA,NA,NA,NA,NA,NA,NA,NA,NA,12,78,2.8,94,114,253,385,48,0.071428571,21.19,1,0,5,0,0,NA,5,The reaction time between people with autism and people who don't have autism.,The test with the loud noise seemed like toned down Saw.,Seemed similar to myself,1702.2,1660.4,1679.6
686,11/17/2013,09:00:00,Kelsey,violent,typical,5,2,10,10,-0.234009975,2.547111005,5.285714286,3.142857143,-1.611011196,14,79,1.6,103,289,476,653,73,2.571428571,22.84,1,0,5,0,0,NA,20,Anger related to video games,The shapes section at the beginning,About as fast of reaction time as me,1673.1,1600.3,1694.1
688,2/28/2014,17:30:00,Jacob,violent,typical,NA,NA,NA,NA,NA,NA,NA,NA,NA,10,79,2.733333333,103,172,285,378,49,0,22.29,1,0,5,0,1,"never been in study, randomly looked up video game, are teens effected by violent video games?",1,effects of violent video games in every day life,the puzzles/patterns in the beginning,ordinary guy. Confused by his choices of volume/duration,1900.1,1806,1817.6
689,3/15/2014,12:30:00,Jacob,violent,typical,NA,NA,NA,NA,NA,NA,NA,NA,NA,17,84,3.933333333,112,196,351,507,53,0,19.52,0,1,5,0,1,know people w/ play violent video games are violent,0,reaction rates of young adults w/ autism vs those without,playing an extremely violent video game,they didn't seem super sympathetic,1588.4,1649.6,1654
696,2/28/2014,12:00:00,Jacob,nonviolent,typical,10,2,10,6,1.95630685,1.192012447,6.714285714,4.714285714,0.392886857,18,64,1.666666667,118,204,374,538,59,0.464285714,22.2,1,0,5,0,0,NA,20,Likelyhood that videogames increase a player's desire to harm or cause discomfort to another player(loud vs quiet bang),The change in the tone of the researcher.,Normal guy. Possbly another researcher.,1958.1,1929.3,1992
697,3/17/2014,15:00:00,Jacob,nonviolent,typical,5,4,8,8,0.804340294,1.161751816,6.428571429,4.857142857,0.277242133,11,77,2.266666667,100,336,586,833,72,0,20.44,1,0,5,0,0,NA,2,How our reaction time is influenced by playing video games,the shape test at the beginning,didn't have one,1645,1653.7,1793.7
699,3/9/2014,22:30:00,Jacob,violent,typical,1,1,1,1,-2.50543857,-3.687005346,4.857142857,4.714285714,-0.937984088,18,75,2.133333333,106,311,530,744,49,1,18.72,1,0,5,0,1,children with play violence,18.5,"whether video games help coordination between hand and eye, and neural connections; whether violent games influence behavior",0,well tempered,2003.1,1774.9,2060.2
702,3/19/2014,18:00:00,Jacob,violent,typical,3,10,8,8,3.043264371,1.161751816,8.142857143,7,2.842308171,9,42,2.8,100,323,531,741,46,2.214285714,20.08,1,0,5,0,0,NA,35,peoples reaction times/thinking skills before and after playing video games,no,played a decent amount of video games,2035.1,1894.6,2010.4
725,3/12/2014,17:00:00,Jacob,nonviolent,autism,3,2,4,2,-1.110136705,-2.286515841,3.714285714,2,-3.449969981,8,49,1.133333333,112,367,579,778,61,7.857142857,18.36,1,1,2,1,0,NA,70,reactions to videogames,none,not enough time for impressions,1834.1,1758.9,1852
727,4/11/2014,14:30:00,Jacob,nonviolent,typical,5,2,10,10,-0.234009975,2.547111005,6.714285714,5.285714286,0.749305465,5,54,1.466666667,100,369,616,872,61,1,21.22,1,0,5,0,1,NA,20,correlation of violent videogames and violence,no,"seemed normal tried to do the same thing I did, competitive",1832.5,1809.4,1870.5
729,10/10/2013,09:45:00,Chris,violent,autism,1,1,2,2,-2.50543857,-2.994325751,6.857142857,7,1.920935978,7,30,1.533333333,97,184,345,493,58,2.642857143,20.33,1,1,5,0,0,NA,30,"how video games and other media effect how people with/without ASD think, act",0,none,1981,1920.8,2020
730,12/11/2013,10:00:00,Kelsey,nonviolent,typical,3,2,5,5,-1.110136705,-0.916286968,5.142857143,4.285714286,-1.000548667,5,51,2.6,106,245,405,570,67,1.285714286,20.87,1,0,5,0,1,"VG + Violence, in the news, last 15 years or so",5,How playing the game influenced your mood and cognitive thought,The other participants sound noise and duration were very random,"He was random with his choices, didn't understand why he chose them",1705.2,1714.7,1587.8
739,10/18/2013,14:00:00,Chris,nonviolent,autism,NA,NA,NA,NA,NA,NA,NA,NA,NA,NA,NA,NA,100,233,NA,NA,NA,NA,20.01,0,0,NA,NA,NA,NA,NA,NA,NA,NA,NA,NA,NA
748,2/7/2014,15:30:00,jacob,nonviolent,typical,0,1,NA,NA,-2.943501935,NA,NA,NA,NA,10,62,1.333333333,97,251,396,563,64,0.928571429,18.98,1,1,5,0,0,NA,15,if videogames influenced your anger levels in anyway,no,I thought it seemed fake and that there wasn't actually anyone there,1703.4,1663.7,1761.2
750,10/9/2013,18:30:00,Chris,nonviolent,autism,5,2,8,4,-0.234009975,-0.193346742,7.857142857,6.857142857,2.548454142,12,69,1.266666667,106,131,278,417,64,2.285714286,19.95,0,1,5,0,0,NA,20,how people with autism react to video games,no,she seemed unfriendly,1705,1669.1,1696
755,2/13/2014,09:00:00,jacob,violent,typical,6,7,10,10,2.799929063,2.547111005,5.142857143,5.714285714,-0.109502147,14,78,1.333333333,103,329,525,760,67,0.642857143,21.27,1,0,5,0,0,NA,10,the effects that media has on reaction time and memory response,no,seemed to have quick reaction time and nice as they kept the music level down,1868.4,1812.2,1843.6
771,9/24/2013,17:00:00,Chris,violent,autism,1,1,2,2,-2.50543857,-2.994325751,5.571428571,5.571428571,0.108517264,3,36,1.266666667,94,88,180,267,62,0,23.11,0,1,5,0,0,NA,5,"to see how I react to loud noises, video games, and pictures","playing the violent game was confusing, because she never plays violent games",they seemed like a nice person,1600.5,1485.4,1605.9
773,11/17/2013,14:00:00,Chris,nonviolent,autism,NA,NA,NA,NA,NA,NA,NA,NA,NA,11,87,3,112,151,341,491,75,3.785714286,21.76,1,1,5,0,1,Autism and guitar hero study,20,How video games effect autistic people socially,When I was suppose to continue the in the game,he was competitive,1674.1,1717.7,1637.3
792,2/13/2014,11:30:00,jacob,violent,typical,4,5,2,10,0.885452063,-0.284128635,6.285714286,4.571428571,-0.003341859,14,59,2.333333333,118,256,442,609,55,0.285714286,21.19,1,1,6,0,1,knows about studies but has no opinion about video games,8,videogmaes effect on mood and aggression,"a little strange, nothing confusing",he seemed kind of uncomfortable and maybe a little awkward but he looked like a normal dude,1892.3,1803.9,1960.1
797,2/26/2014,15:05:00,Jacob,violent,typical,4,5,8,6,0.885452063,0.484202537,6.285714286,5.428571429,0.531286054,12,65,2.133333333,97,254,413,557,55,0.142857143,21.04,1,0,5,0,0,NA,15,The effect of violent videogames on people with autism,The first thing with the shapes and patterns,"Just a dude, same as me",1880.4,1872.1,1810.2
811,1/17/2014,12:30:00,Chris,violent,autism,10,10,8,9,6.109707926,1.500526455,6.857142857,6.714285714,1.742726674,8,32,1.8,103,154,303,472,81,0.75,17.95,1,0,6,1,0,NA,50,How react on games; How autistic people react and people without autistic react,no,getting pass so many levels,1763.8,1771.9,1726.2
817,2/17/2014,12:00:00,Chris,nonviolent,autism,5,2,6,6,-0.234009975,-0.223607373,6.428571429,6.571428571,1.346497958,7,50,1.6,103,123,268,435,77,0.857142857,18.39,1,0,5,0,1,video games and hand eye coordination,10,the affects of video game on a person with autism compared to one without autism,no,it was interesting,1660.1,1612.1,1591.1
823,11/14/2013,13:00:00,Chris,violent,autism,NA,NA,NA,NA,NA,NA,NA,NA,NA,10,33,1.066666667,109,395,646,929,68,2.571428571,25.81,1,1,5,0,1,Video games an daggression and shootings and political movements knows that VGS increase frustration and aggression; but only if people are already aggressive,30,Aggression and the impact of violent media,"very transparent, old method","Fake, game was vs. AI",1905.4,1842.8,1882
839,11/20/2013,10:30:00,Chris,nonviolent,autism,4,4,7,4,0.366276929,-0.547251697,6.285714286,5.285714286,0.442181402,7,61,1.533333333,103,181,337,486,65,7.071428571,24.97,1,0,5,0,0,NA,80,reactions to video games,patterns and words,good,1777.2,1726.2,1805.7
847,10/12/2013,11:00:00,Chris,nonviolent,autism,3,4,10,2,-0.071786436,-0.163086112,4.857142857,7.285714286,0.665899649,8,70,2,100,397,607,852,74,3.428571429,22.06,1,1,5,0,0,NA,75,reaction time and video game demographics,not much really,seemed like a fellow gamer,1616.3,1681.1,1671.1
851,2/28/2014,15:00:00,Jacob,nonviolent,typical,NA,NA,NA,NA,NA,NA,NA,NA,NA,13,77,2.2,100,271,462,607,42,0,19.53,1,0,5,0,0,NA,15,the effect of video games on behavior,the competitor in the game was in another room,I have none,1872.8,1656.8,1867
899,2/11/2014,11:00:00,jacob,nonviolent,typical,NA,NA,NA,NA,NA,NA,NA,NA,NA,15,75,3.466666667,85,404,612,824,62,3,20.32,1,1,5,NA,0,NA,10,violence in videogames and reaction time,the game,I felt like it wasn�t real,1698.6,1689.1,1714.9
902,1/14/2014,10:00:00,Chris,nonviolent,autism,10,7,10,10,4.552182523,2.547111005,6.142857143,6.714285714,1.230853234,4,16,1.8,97,178,252,405,66,0.571428571,19.87,1,0,6,NA,0,NA,50,like I'm an idiot,some,making justen jump,1767.4,1738.4,1730.2
903,10/15/2013,13:00:00,Chris,nonviolent,autism,4,3,6,6,-0.152898206,-0.223607373,6.428571429,4.714285714,0.188137481,15,68,1.4,97,405,648,945,74,1.892857143,21.46,1,1,5,0,0,NA,25,1) Relationship behind violence and video games 2) reactions between loud noises in indifferent individuals,Kept asking me about violence a little too much,"No impressions, the other participant looked normal for the most part",1905.9,1830.5,1875.1
904,4/14/2014,18:00:00,Chris,nonviolent,typical,4,2,9,8,-0.67207334,1.515656771,6,4.571428571,-0.208091235,13,77,1.066666667,118,249,481,718,46,0.5,24.18,1,0,5,0,0,NA,7.5,correlation of reaction time,no,no,1823.1,1738.7,1774.9
908,3/6/2014,11:30:00,Jacob,nonviolent,typical,NA,NA,NA,NA,NA,NA,NA,NA,NA,7,66,1.2,103,347,575,806,51,2.928571429,18.85,1,0,5,0,0,NA,30,the effects of video games on a persons physical abilities and mental health,no,I don't believe he was real/there,1639,1554.1,1642.1
909,10/12/2013,16:30:00,Chris,violent,autism,8,4,8,8,2.118530389,1.161751816,6.285714286,5.571428571,0.620390705,8,56,1.466666667,115,378,658,896,69,3.571428571,18.44,1,1,5,1,1,aware of studies of violence; thinks they found a small link between violent game + violent tendencies; no,10,the effect of video games on the psyche and ho wthey can create violent tendencies,no,"he seemed like a decent person, can't say given I didn't really meet him",1901.1,1854.6,1824.4
913,2/27/2014,14:00:00,chris,violent,autism,2,2,2,2,-1.54820007,-2.994325751,2.571428571,2,-4.268967486,11,56,1.866666667,106,328,564,773,82,8,25.05,1,1,5,0,0,NA,70,how autistic minds process things differently process and fill in patterns and how it affects their mood and reaction time,"photo copying hands, splitting up the multiplayer red square task and doing it and letting me see him",good looking and typical guy,1869.9,1862.2,1894.1
915,9/28/2013,10:45:00,Chris,violent,autism,4,3,9,8,-0.152898206,1.515656771,6,6,0.682955285,16,85,2.266666667,109,266,470,641,63,5.142857143,21.02,1,0,5,0,1,aware research on violent video games and violence but believes the link is not as big as people make it out to be; thinks that violent people tend to play violent games,62.5,"initially thought it was reaction times, but but due to the choice offered in sound variance, he now thought it was about how video game violence affects violence in people with PDD-NOS",seemed like two different studies,Believed other participant was a confederate; but did not think this until after the CRT was over,1796,1777.8,1839.1
919,4/16/2014,09:00:00,Chris,violent,typical,2,1,9,8,-2.067375205,1.515656771,7.857142857,7,2.637558794,15,91,1.066666667,97,329,547,759,66,0,20.06,0,0,5,0,1,research on correlatin between violence and behavior,5,reaction times and how vdideo games affect cognitive function and emotion,no,"she seemed nice, she lowered the sound each round",1720.6,1670.9,1696
924,2/16/2014,09:00:00,Jacob,violent,typical,5,2,8,6,-0.234009975,0.484202537,6,6.428571429,0.950269242,10,68,1.933333333,94,234,367,517,70,1.142857143,20.79,1,0,5,0,0,NA,25,Reaction time,No,"It was about even, he didn't make me listen to the lowest noise",1822.5,1627.8,1832.7
928,4/15/2014,13:00:00,Chris,nonviolent,autism,3,3,5,4,-0.590961571,-1.255061607,4,3,-2.621488041,14,61,2.4,109,195,383,533,89,2.285714286,21.92,1,1,5,0,0,NA,35,"I think that the tests was for testing reaction times and applied gameplay as well as quick thinking and patterns. More important, the test might also be to study behavior for people with ASD and a videogames impact on it.","Some words were similar in meaning, but the only main confusion was from the questions after the gaming. I did not know how I feel exactly.","he was competitive and friendly, we had some fun but he was pretty tough.",1622.4,1675.1,1653.6
935,3/7/2014,12:45:00,Jacob,nonviolent,typical,1,1,10,10,-2.50543857,2.547111005,5.428571429,5.857142857,0.184351881,11,59,1.666666667,106,201,379,482,51,1.035714286,19.12,1,1,5,0,0,NA,3,Autism and how its related to reaction time,No,"decent, pissed when he gave me high noise but eventually settled w/ low noise",1879,1828.3,1905.5
941,3/15/2014,15:00:00,Jacob,nonviolent,typical,5,5,10,7,1.323515428,1.530787086,6.571428571,7,1.716186602,16,73,2.466666667,91,199,340,461,62,6.285714286,19.3,1,0,2,0,0,NA,35,how video games affect a person,no,he had a fast reaction time,1691.4,1628.5,1665
959,4/9/2014,14:30:00,Jacob,violent,typical,NA,NA,NA,NA,NA,NA,NA,NA,NA,7,49,3,97,230,385,564,46,0,19.78,1,1,5,0,0,NA,0,how video games affect people w/o autism differently than normal people. Does it make them more violent?,I wasn't completely against the other person on the sound level game. The beginning flipbook,non existent. I didn't see a time station intercom on their desk,2002.1,1878.2,1909.4
980,4/11/2014,11:15:00,Jacob,violent,typical,3,2,4,2,-1.110136705,-2.286515841,7.428571429,5.428571429,1.350283558,9,57,1.6,106,321,233,447,54,0.5,19.18,1,0,5,0,1,"not really, link to violence in real life, thinks not correlated",27.5,how video games affect reaction times,the images quiz,seems like a normal guy,1927.5,1834.3,1930.5
983,10/8/2013,16:45:00,Chris,nonviolent,autism,4,2,5,8,-0.67207334,0.100036951,5.285714286,6.285714286,0.34929115,7,56,2.2,124,309,529,698,66,8,18.39,0,1,5,0,0,NA,75,difference in reaction time for htose on and off the autism spectrum,0,a bit coarse,1597,1495.5,1595.6
989,1/10/2014,13:00:00,Chris,violent,autism,4,4,5,6,0.366276929,-0.577512328,6.142857143,5.428571429,0.428911366,9,49,2,97,337,528,726,70,3.5,21.62,1,1,5,NA,1,yes; actually no scientific research,30,what video games do certain people for,the questionnaires,kind of an asshole,1836.5,1674.6,1739.3
991,11/12/2013,18:00:00,Kelsey,nonviolent,typical,3,2,7,8,-1.110136705,0.807846861,5.142857143,4.714285714,-0.733234712,12,81,1.666666667,97,230,393,562,55,0.285714286,19.41,0,1,5,0,0,NA,0,The effect of media on reaction time,"The game was a little difficult at first, but I got used to it.","They went hard on me at first, then eased up",1495.3,1540.1,1480.7
995,1/26/2014,11:00:00,Chris,nonviolent,autism,5,2,5,2,-0.234009975,-1.932610886,6.428571429,4.857142857,0.277242133,5,36,1.466666667,103,418,691,947,80,1.785714286,18.06,1,1,5,0,0,NA,50,If people with ASD had better reaciton times than people without ASD,no,good game player,1875.8,1890.1,1894.5
